INSERT INTO client (Name) VALUES ('Bim');
INSERT INTO client (Name) VALUES ('Slat');
INSERT INTO client (Name) VALUES ('Finch');
INSERT INTO client (Name) VALUES ('Alas');
INSERT INTO client (Name) VALUES ('Mus');
INSERT INTO client (Name) VALUES ('Gerd');
INSERT INTO client (Name) VALUES ('Chap');
INSERT INTO client (Name) VALUES ('Spork');
INSERT INTO client (Name) VALUES ('Yanko');
INSERT INTO client (Name) VALUES ('Lima');

INSERT INTO planet (ID, Name) VALUES ('EARTH', 'Earth');
INSERT INTO planet (ID, Name) VALUES ('MARS', 'Mars');
INSERT INTO planet (ID, Name) VALUES ('VEN', 'Venera');
INSERT INTO planet (ID, Name) VALUES ('JUP1', 'Jupiter One');
INSERT INTO planet (ID, Name) VALUES ('JUP2', 'Jupiter Two');

INSERT INTO ticket (CLIENT_ID, FROM_PLANET_ID, TO_PLANET_ID) VALUES (1, 'EARTH', 'MARS');
INSERT INTO ticket (CLIENT_ID, FROM_PLANET_ID, TO_PLANET_ID) VALUES (2, 'MARS', 'VEN');
INSERT INTO ticket (CLIENT_ID, FROM_PLANET_ID, TO_PLANET_ID) VALUES (3, 'JUP1', 'JUP2');
INSERT INTO ticket (CLIENT_ID, FROM_PLANET_ID, TO_PLANET_ID) VALUES (4, 'VEN', 'MARS');
INSERT INTO ticket (CLIENT_ID, FROM_PLANET_ID, TO_PLANET_ID) VALUES (5, 'EARTH', 'JUP2');
INSERT INTO ticket (CLIENT_ID, FROM_PLANET_ID, TO_PLANET_ID) VALUES (6, 'JUP1', 'MARS');
INSERT INTO ticket (CLIENT_ID, FROM_PLANET_ID, TO_PLANET_ID) VALUES (7, 'EARTH', 'VEN');
INSERT INTO ticket (CLIENT_ID, FROM_PLANET_ID, TO_PLANET_ID) VALUES (8, 'VEN', 'JUP1');
INSERT INTO ticket (CLIENT_ID, FROM_PLANET_ID, TO_PLANET_ID) VALUES (9, 'VEN', 'JUP2');
INSERT INTO ticket (CLIENT_ID, FROM_PLANET_ID, TO_PLANET_ID) VALUES (10, 'JUP1', 'MARS');